[
  {
    "id": "L1_mood",
    "title": "Mood now",
    "type": "swipe",
    "options": [
      { "label": "Heavy / uneasy",      "tags": ["L1_MOOD_NEG"] },
      { "label": "Light / positive",    "tags": ["L1_MOOD_POS"] }
    ]
  },
  {
    "id": "L1_body",
    "title": "Body state",
    "type": "swipe",
    "options": [
      { "label": "Tension / tight",     "tags": ["L1_BODY_TENSION"] },
      { "label": "Light / relaxed",     "tags": ["L1_BODY_RELAXED"] }
    ]
  },
  {
    "id": "L1_energy",
    "title": "Energy level",
    "type": "swipe",
    "options": [
      { "label": "Low",                 "tags": ["L1_ENERGY_LOW"] },
      { "label": "High / wired",        "tags": ["L1_ENERGY_HIGH"] }
    ]
  },
  {
    "id": "L1_social",
    "title": "Social connection",
    "type": "swipe",
    "options": [
      { "label": "Avoiding people",     "tags": ["L1_SOCIAL_THREAT"] },
      { "label": "Drawn to people",     "tags": ["L1_SOCIAL_SUPPORT"] }
    ]
  },
  {
    "id": "L1_control",
    "title": "Sense of control",
    "type": "swipe",
    "options": [
      { "label": "Losing control",      "tags": ["L1_CONTROL_LOW"] },
      { "label": "In control",          "tags": ["L1_CONTROL_HIGH"] }
    ]
  }
]
