[
  {
    "id": "L1_mood",
    "title": "Overall tone right now",
    "type": "swipe",
    "options": [
      { "label": "Heavy / low", "tags": ["L1_MOOD_NEG"] },
      { "label": "Light / upbeat", "tags": ["L1_MOOD_POS"] }
    ],
    "meta": { "group": "core", "covers": ["valence"], "minAskedAfter": 0 }
  },
  {
    "id": "L1_body",
    "title": "Body signal right now",
    "type": "swipe",
    "options": [
      { "label": "Tight / tense", "tags": ["L1_BODY_TENSION"] },
      { "label": "Loose / relaxed", "tags": ["L1_BODY_RELAXED"] }
    ],
    "meta": { "group": "core", "covers": ["tension"], "minAskedAfter": 0 }
  },
  {
    "id": "L1_energy",
    "title": "Energy level right now",
    "type": "swipe",
    "options": [
      { "label": "Low — drained", "tags": ["L1_ENERGY_LOW"] },
      { "label": "High — wired", "tags": ["L1_ENERGY_HIGH"] }
    ],
    "meta": { "group": "core", "covers": ["arousal"], "minAskedAfter": 0 }
  },
  {
    "id": "L1_social",
    "title": "Social energy right now",
    "type": "swipe",
    "options": [
      { "label": "Need space", "tags": ["L1_SOCIAL_THREAT"] },
      { "label": "Open to people", "tags": ["L1_SOCIAL_SUPPORT"] }
    ],
    "meta": { "group": "core", "covers": ["social"], "minAskedAfter": 0 }
  },
  {
    "id": "L1_control",
    "title": "Sense of control",
    "type": "swipe",
    "options": [
      { "label": "Scattered / reactive", "tags": ["L1_CONTROL_LOW"] },
      { "label": "Steady / in charge", "tags": ["L1_CONTROL_HIGH"] }
    ],
    "meta": { "group": "core", "covers": ["agency"], "minAskedAfter": 0 }
  },
  {
    "id": "L1_safety",
    "title": "Internal safety",
    "type": "swipe",
    "options": [
      { "label": "On edge / unsafe", "tags": ["L1_SAFETY_LOW"] },
      { "label": "Safe / grounded", "tags": ["L1_SAFETY_HIGH"] }
    ],
    "meta": { "group": "core", "covers": ["safety"], "minAskedAfter": 0 }
  },
  {
    "id": "L1_self_worth",
    "title": "Self-talk",
    "type": "swipe",
    "options": [
      { "label": "Harsh / critical", "tags": ["L1_WORTH_LOW"] },
      { "label": "Kind / supportive", "tags": ["L1_WORTH_HIGH"] }
    ],
    "meta": { "group": "core", "covers": ["valence", "agency"], "minAskedAfter": 0 }
  },
  {
    "id": "L1_expectations",
    "title": "The day ahead feels…",
    "type": "swipe",
    "options": [
      { "label": "Hard / uncertain", "tags": ["L1_EXPECT_LOW"] },
      { "label": "Manageable", "tags": ["L1_EXPECT_OK"] }
    ],
    "meta": { "group": "core", "covers": ["clarity"], "minAskedAfter": 0 }
  },
  {
    "id": "L1_pressure",
    "title": "Pressure level",
    "type": "swipe",
    "options": [
      { "label": "High pressure", "tags": ["L1_PRESSURE_HIGH"] },
      { "label": "Low pressure", "tags": ["L1_PRESSURE_LOW"] }
    ],
    "meta": { "group": "core", "covers": ["arousal", "safety"], "minAskedAfter": 0 }
  },
  {
    "id": "L1_clarity",
    "title": "Mental clarity",
    "type": "swipe",
    "options": [
      { "label": "Foggy", "tags": ["L1_CLARITY_LOW"] },
      { "label": "Clear", "tags": ["L1_CLARITY_HIGH"] }
    ],
    "meta": { "group": "core", "covers": ["clarity"], "minAskedAfter": 0 }
  }
]
