[
  {
    "id": "L1_mood",
    "title": "Mood now",
    "type": "swipe",
    "options": [
      { "label": "Heavy / uneasy",      "tags": ["L1_MOOD_NEG"] },
      { "label": "Light / positive",    "tags": ["L1_MOOD_POS"] }
    ]
  },
  {
    "id": "L1_body",
    "title": "Body state",
    "type": "swipe",
    "options": [
      { "label": "Tension / tight",     "tags": ["L1_BODY_TENSION"] },
      { "label": "Light / relaxed",     "tags": ["L1_BODY_RELAXED"] }
    ]
  },
  {
    "id": "L1_energy",
    "title": "Energy level",
    "type": "swipe",
    "options": [
      { "label": "Low",                 "tags": ["L1_ENERGY_LOW"] },
      { "label": "High / wired",        "tags": ["L1_ENERGY_HIGH"] }
    ]
  },
  {
    "id": "L1_social",
    "title": "Social connection",
    "type": "swipe",
    "options": [
      { "label": "Avoiding people",     "tags": ["L1_SOCIAL_THREAT"] },
      { "label": "Drawn to people",     "tags": ["L1_SOCIAL_SUPPORT"] }
    ]
  },
  {
    "id": "L1_control",
    "title": "Sense of control",
    "type": "swipe",
    "options": [
      { "label": "Losing control",      "tags": ["L1_CONTROL_LOW"] },
      { "label": "In control",          "tags": ["L1_CONTROL_HIGH"] }
    ]
  },

  {
    "id": "L1_safety",
    "title": "Sense of safety",
    "type": "swipe",
    "options": [
      { "label": "Unsafe / threatened", "tags": ["L1_SAFETY_LOW"] },
      { "label": "Safe enough",         "tags": ["L1_SAFETY_HIGH"] }
    ]
  },

  {
    "id": "L1_self_worth",
    "title": "Self-worth now",
    "type": "swipe",
    "options": [
      { "label": "Not good enough",     "tags": ["L1_WORTH_LOW"] },
      { "label": "Capable enough",      "tags": ["L1_WORTH_HIGH"] }
    ]
  },

  {
    "id": "L1_expectations",
    "title": "Expectations",
    "type": "swipe",
    "options": [
      { "label": "Worse than expected", "tags": ["L1_EXPECT_LOW"] },
      { "label": "As expected",         "tags": ["L1_EXPECT_OK"] }
    ]
  },

  {
    "id": "L1_pressure",
    "title": "Time pressure",
    "type": "swipe",
    "options": [
      { "label": "Rushed / pressured",  "tags": ["L1_PRESSURE_HIGH"] },
      { "label": "Slow / spacious",     "tags": ["L1_PRESSURE_LOW"] }
    ]
  },

  {
    "id": "L1_clarity",
    "title": "Clarity of mind",
    "type": "swipe",
    "options": [
      { "label": "Foggy / unclear",     "tags": ["L1_CLARITY_LOW"] },
      { "label": "Clear enough",        "tags": ["L1_CLARITY_HIGH"] }
    ]
  }
]
