[
  {
    "id": "L2_focus",
    "title": "What does your mind focus on more?",
    "type": "swipe",
    "options": [
      { "label": "Mostly future worries", "tags": ["L2_FOCUS_FUTURE"] },
      { "label": "Mostly past events",    "tags": ["L2_FOCUS_PAST"] }
    ]
  },
  {
    "id": "L2_source",
    "title": "Where does the biggest tension come from?",
    "type": "swipe",
    "options": [
      { "label": "People / unfairness",   "tags": ["L2_SOURCE_PEOPLE"] },
      { "label": "Tasks / workload",      "tags": ["L2_SOURCE_TASKS"] }
    ]
  },
  {
    "id": "L2_uncertainty",
    "title": "How uncertain does this situation feel?",
    "type": "swipe",
    "options": [
      { "label": "Clear enough",          "tags": ["L2_UNCERT_LOW"] },
      {
        "label": "High / outcome unclear",
        "tags": ["L2_UNCERT_HIGH", "L2_FEAR_SPIKE"]
      }
    ]
  },
  {
    "id": "L2_social_pain",
    "title": "Is there social pain here?",
    "type": "swipe",
    "options": [
      {
        "label": "Rejected / ignored",
        "tags": ["L2_SOCIAL_PAIN_YES", "L2_LET_DOWN"]
      },
      {
        "label": "Generally okay with others",
        "tags": ["L2_SOCIAL_PAIN_NO"]
      }
    ]
  },
  {
    "id": "L2_shutdown",
    "title": "How does your system react?",
    "type": "swipe",
    "options": [
      {
        "label": "Numb / shut down",
        "tags": ["L2_SHUTDOWN", "L2_DISCONNECT_NUMB"]
      },
      {
        "label": "Tired but still feeling",
        "tags": ["L2_SAD_HEAVY"]
      }
    ]
  },
  {
    "id": "L2_guilt_shame",
    "title": "How do you see yourself in this?",
    "type": "swipe",
    "options": [
      { "label": "I did something wrong (guilt)", "tags": ["L2_GUILT"] },
      { "label": "There is something wrong with me (shame)", "tags": ["L2_SHAME"] }
    ]
  },
  {
    "id": "L2_positive_moments",
    "title": "Any positive moments during this?",
    "type": "swipe",
    "options": [
      {
        "label": "Moments of gratitude / appreciation",
        "tags": ["L2_POS_GRATITUDE", "L2_CONTENT_WARM"]
      },
      {
        "label": "Almost no positive moments",
        "tags": ["L2_NO_POSITIVE"]
      }
    ]
  },
  {
    "id": "L2_regulation",
    "title": "How is your ability to regulate right now?",
    "type": "swipe",
    "options": [
      {
        "label": "I can come back to calm",
        "tags": ["L2_REGULATION_GOOD", "L2_CONTENT_WARM"]
      },
      {
        "label": "Still on edge even in good moments",
        "tags": ["L2_REGULATION_BAD"]
      }
    ]
  },
  {
    "id": "L2_clarity",
    "title": "Do you understand what you feel?",
    "type": "swipe",
    "options": [
      { "label": "I understand what I feel",          "tags": ["L2_CLARITY_HIGH"] },
      { "label": "Still confused about it",           "tags": ["L2_CLARITY_LOW"] }
    ]
  }
]
