[
  {
    "id": "L2_focus",
    "title": "Your mind is mostly…",
    "type": "swipe",
    "options": [
      { "label": "Future-focused / worrying", "tags": ["L2_FOCUS_FUTURE"] },
      { "label": "Past-focused / replaying", "tags": ["L2_FOCUS_PAST"] }
    ],
    "meta": {
      "group": "confirm",
      "covers": ["arousal"],
      "discriminates": [
        ["threatened", "down"],
        ["threatened", "self_critical"],
        ["threatened", "exhausted"]
      ],
      "minAskedAfter": 10
    }
  },
  {
    "id": "L2_source",
    "title": "Main source of tension",
    "type": "swipe",
    "options": [
      { "label": "People / conflict", "tags": ["L2_SOURCE_PEOPLE"] },
      { "label": "Tasks / overload", "tags": ["L2_SOURCE_TASKS"] }
    ],
    "meta": {
      "group": "discriminator",
      "covers": ["agency", "safety"],
      "discriminates": [
        ["confrontational", "overloaded"],
        ["blocked", "overloaded"],
        ["confrontational", "blocked"]
      ],
      "minAskedAfter": 6
    }
  },
  {
    "id": "L2_uncertainty",
    "title": "How clear does it feel?",
    "type": "swipe",
    "options": [
      { "label": "Clear enough", "tags": ["L2_UNCERTAINTY_LOW"] },
      { "label": "Unclear / mixed", "tags": ["L2_UNCERTAINTY_HIGH"] }
    ],
    "meta": {
      "group": "discriminator",
      "covers": ["clarity"],
      "discriminates": [["uncertain", "capable"]],
      "minAskedAfter": 6
    }
  },
  {
    "id": "L2_social_pain",
    "title": "Social situation",
    "type": "swipe",
    "options": [
      { "label": "Hurt / excluded", "tags": ["L2_SOCIAL_PAIN_YES"] },
      { "label": "Neutral / OK", "tags": ["L2_SOCIAL_PAIN_NO"] }
    ],
    "meta": {
      "group": "discriminator",
      "covers": ["social"],
      "discriminates": [
        ["detached", "down"],
        ["detached", "engaged"],
        ["detached", "connected"]
      ],
      "minAskedAfter": 6
    }
  },
  {
    "id": "L2_numb",
    "title": "Emotional presence",
    "type": "swipe",
    "options": [
      { "label": "Numb / shut down", "tags": ["L2_NUMB_YES"] },
      { "label": "Present / connected", "tags": ["L2_NUMB_NO"] }
    ],
    "meta": {
      "group": "confirm",
      "covers": ["social"],
      "discriminates": [
        ["detached", "down"],
        ["detached", "exhausted"]
      ],
      "minAskedAfter": 10
    }
  },
  {
    "id": "L2_heavy",
    "title": "Body–mind load",
    "type": "swipe",
    "options": [
      { "label": "Heavy / exhausted", "tags": ["L2_HEAVY_YES"] },
      { "label": "Light / OK", "tags": ["L2_HEAVY_NO"] }
    ],
    "meta": {
      "group": "discriminator",
      "covers": ["fatigue"],
      "discriminates": [
        ["exhausted", "down"],
        ["exhausted", "overloaded"]
      ],
      "minAskedAfter": 6
    }
  },
  {
    "id": "L2_guilt",
    "title": "Self-blame",
    "type": "swipe",
    "options": [
      { "label": "Blaming myself", "tags": ["L2_SELF_BLAME_YES"] },
      { "label": "Not blaming myself", "tags": ["L2_SELF_BLAME_NO"] }
    ],
    "meta": {
      "group": "discriminator",
      "covers": ["agency"],
      "discriminates": [
        ["self_critical", "down"],
        ["self_critical", "blocked"]
      ],
      "minAskedAfter": 6
    }
  },
  {
    "id": "L2_shame",
    "title": "Shame / embarrassment",
    "type": "swipe",
    "options": [
      { "label": "Ashamed / exposed", "tags": ["L2_SHAME_YES"] },
      { "label": "Not really", "tags": ["L2_SHAME_NO"] }
    ],
    "meta": {
      "group": "discriminator",
      "covers": ["agency"],
      "discriminates": [
        ["self_critical", "down"],
        ["self_critical", "blocked"]
      ],
      "minAskedAfter": 6
    }
  },
  {
    "id": "L2_positive_moments",
    "title": "Any bright spots recently?",
    "type": "swipe",
    "options": [
      { "label": "Almost none", "tags": ["L2_POSITIVE_NONE"] },
      { "label": "Some", "tags": ["L2_POSITIVE_SOME"] }
    ],
    "meta": {
      "group": "discriminator",
      "covers": ["valence"],
      "discriminates": [
        ["down", "connected"],
        ["down", "engaged"],
        ["down", "grounded"]
      ],
      "minAskedAfter": 6
    }
  },
  {
    "id": "L2_regulation",
    "title": "Can you downshift?",
    "type": "swipe",
    "options": [
      { "label": "Stuck on edge", "tags": ["L2_REGULATION_LOW"] },
      { "label": "Can calm down", "tags": ["L2_REGULATION_HIGH"] }
    ],
    "meta": {
      "group": "discriminator",
      "covers": ["arousal"],
      "discriminates": [
        ["threatened", "grounded"],
        ["pressured", "grounded"]
      ],
      "minAskedAfter": 6
    }
  },
  {
    "id": "L2_clarity",
    "title": "Do you understand what's going on inside?",
    "type": "swipe",
    "options": [
      { "label": "Not yet", "tags": ["L2_CLARITY_LOW"] },
      { "label": "Yes", "tags": ["L2_CLARITY_HIGH"] }
    ],
    "meta": {
      "group": "discriminator",
      "covers": ["clarity"],
      "discriminates": [["uncertain", "capable"]],
      "minAskedAfter": 6
    }
  },
  {
    "id": "L2_meaning",
    "title": "Sense of meaning",
    "type": "swipe",
    "options": [
      { "label": "Empty / meaningless", "tags": ["L2_MEANING_LOW"] },
      { "label": "Some meaning", "tags": ["L2_MEANING_HIGH"] }
    ],
    "meta": {
      "group": "confirm",
      "covers": ["valence"],
      "discriminates": [
        ["down", "grounded"],
        ["blocked", "grounded"]
      ],
      "minAskedAfter": 10
    }
  }
]
