[
  {
    "id": "L2_mind",
    "title": "Mind focus",
    "type": "swipe",
    "options": [
      { "label": "Calm / focused", "tags": ["mind_calm","clarity?","contentment?"] },
      { "label": "Racing / noisy", "tags": ["mind_racing","tension?","anxiety?"] }
    ]
  },
  {
    "id": "L2_workload",
    "title": "Workload",
    "type": "swipe",
    "options": [
      { "label": "Manageable", "tags": ["work_ok","confidence?"] },
      { "label": "Too much", "tags": ["work_too_much","low_control","overwhelm?"] }
    ]
  },
  {
    "id": "L2_uncertainty",
    "title": "Uncertainty",
    "type": "swipe",
    "options": [
      { "label": "Clear", "tags": ["uncertainty_low","clarity?"] },
      { "label": "High / outcome fear", "tags": ["uncertainty_high","fear?","anxiety?"] }
    ]
  },
  {
    "id": "L2_inter_a",
    "title": "Interpersonal (support / criticism)",
    "type": "swipe",
    "options": [
      { "label": "Supported", "tags": ["support","gratitude?"] },
      { "label": "Criticized / ignored", "tags": ["criticism","ignored","shame?","guilt?","sadness?"] }
    ]
  },
  {
    "id": "L2_inter_b",
    "title": "Interpersonal (calm / conflict)",
    "type": "swipe",
    "options": [
      { "label": "Calm discussion", "tags": ["support","clarity?"] },
      { "label": "Conflict / reactive", "tags": ["conflict","anger?","frustration?","irritation?"] }
    ]
  },
  {
    "id": "L2_self",
    "title": "Self-perception",
    "type": "swipe",
    "options": [
      { "label": "Proud / okay", "tags": ["self_ok","contentment?"] },
      { "label": "Blamed myself", "tags": ["guilt","shame"] }
    ]
  },
  {
    "id": "L2_threat",
    "title": "Safety",
    "type": "swipe",
    "options": [
      { "label": "Safe", "tags": ["safe","calm?"] },
      { "label": "On guard", "tags": ["vigilant","tension?"] }
    ]
  },
  {
    "id": "L2_connection",
    "title": "Connection",
    "type": "swipe",
    "options": [
      { "label": "Connected", "tags": ["social_seek","support?","gratitude?"] },
      { "label": "Isolated", "tags": ["social_avoid","disconnection?","loneliness?"] }
    ]
  },
  {
    "id": "L2_control",
    "title": "Sense of control",
    "type": "swipe",
    "options": [
      { "label": "In control", "tags": ["in_control","clarity?","calm?"] },
      { "label": "Shaky / slipping", "tags": ["control_shaky","confusion?"] }
    ]
  },
  {
    "id": "L2_expectations",
    "title": "Expectations / outcome",
    "type": "swipe",
    "options": [
      { "label": "Things went well", "tags": ["contentment?","gratitude?"] },
      { "label": "Let down / failed", "tags": ["disappointment?","sadness?","frustration?"] }
    ]
  }
]
