{
  "Layer1_A_Version": [
    {
      "id": "L1-1",
      "text": "How did your body feel when you first woke up?",
      "options": {
        "Energized and light": ["Calm", "Gratitude"],
        "Heavy or slow to start": ["Sadness", "Overload"]
      }
    },
    {
      "id": "L1-2",
      "text": "Did you feel any physical tension or discomfort during the day?",
      "options": {
        "Yes, it showed up in my body": ["Tension", "Frustration"],
        "No, I felt physically fine": ["Calm", "Clarity"]
      }
    },
    {
      "id": "L1-3",
      "text": "Was your body more still or more restless today?",
      "options": {
        "Yes, it showed up in my body": ["Tension", "Overload"],
        "No, I felt physically fine": ["Calm", "Clarity"]
      }
    },
    {
      "id": "L1-4",
      "text": "By the end of the day, your body felt...",
      "options": {
        "Balanced and steady": ["Clarity", "Gratitude"],
        "Worn out or drained": ["Overload", "Sadness"]
      }
    }
  ],

  "Layer2_A_Version": [
    {
      "id": "L2-1",
      "text": "How did you respond to small challenges today?",
      "options": {
        "I stayed flexible or calm": ["Calm", "Clarity"],
        "I felt irritated or reactive": ["Frustration", "Anger"]
      }
    },
    {
      "id": "L2-2",
      "text": "Did you avoid anything emotional today?",
      "options": {
        "Yes, I pushed it away": ["Anxious", "Disconnected"],
        "No, I stayed present": ["Clarity", "Gratitude"]
    }
    },
    {
      "id": "L2-3",
      "text": "How did you interact with people today?",
      "options": {
        "Open and connected": ["Joy", "Gratitude"],
        "Closed off or distant": ["Disconnected", "Anxious"]
      }
    },
    {
      "id": "L2-4",
      "text": "Did you feel in control of your reactions?",
      "options": {
        "Yes, mostly steady": ["Calm", "Clarity"],
        "No, I was more impulsive or stuck": ["Anger", "Confusion"]
      }
    }
  ],

  "Layer3_A_Version": [
  [
  {
  "id": "L3-Confusion-1",
  "group": "Confusion",
  "step": [
    {
      "type": "confirm",
      "text": "Do you feel like you couldn't make sense of how you felt today?",
      "options": {
        "Yes, I really didn't understand myself": "CONFIRM_CONFUSION",
        "No, I think I know what I felt": "REJECT_CONFUSION"
      }
    },
    {
      "type": "exit",
      "if": "CONFIRM_CONFUSION",
      "emotion": "Confusion"
    },
    {
      "type": "branch",
      "if": "REJECT_CONFUSION",
      "text": "Which of these better describes your emotional state today?",
      "options": {
        "It was mostly anxiety": ["Anxious"],
        "I felt emotionally disconnected": ["Disconnected"],
        "I was emotionally exhausted": ["Overload"],
        "There was some irritation": ["Frustration"]
      }
    }
  ]
},
  {
  "id": "L3-Anxious-Tension-2",
  "group": "Anxious-Tension",
  "question": "What best describes the inner state you experienced today?",
  "options": [
    "It felt like I was holding a lot inside",
    "There was a sense of pressure or urgency",
    "It was hard to relax or slow down"
  ],
  "allowCustomAnswer": true
},
  {
  "id": "L3-Frustration-Anger-3",
  "group": "Frustration-Anger",
  "question": "What kind of tension or friction stood out most today?",
  "options": [
    "Plans or expectations were disrupted",
    "Someone acted in a way that didn’t sit right",
    "It felt hard to express what I needed"
  ],
  "allowCustomAnswer": true
},
  {
  "id": "L3-Overload-Sadness-4",
  "group": "Overload-Sadness",
  "question": "What kind of heaviness or depletion described your day best?",
  "options": [
    "It felt like too much was happening at once",
    "There was a quiet sense of emotional heaviness",
    "I moved through the day without much energy"
  ],
  "allowCustomAnswer": true
},
  {
  "id": "L3-Joy-5",
  "group": "Joy",
  "question": "Was there a moment today that felt uplifting or quietly good?",
  "options": [
    "Something made me smile or feel warm inside",
    "I enjoyed doing something just for myself",
    "There was a sense of lightness, even briefly"
  ],
  "allowCustomAnswer": true
},
  {
  "id": "L3-Calm-Clarity-Gratitude-6",
  "group": "Calm-Clarity-Gratitude",
  "question": "What best describes the atmosphere within you today?",
  "options": [
    "There was a quiet stability in me",
    "Things felt simple and clear",
    "I noticed appreciation for ordinary moments"
  ],
  "allowCustomAnswer": true
}
,
  {
  "id": "L3-Disconnected-7",
  "group": "Disconnected",
  "question": "Was there a sense of distance or emotional absence today?",
  "options": [
    "I moved through the day without really feeling connected",
    "It felt like I was present, but not fully there",
    "Even with others, I felt somewhat alone inside"
  ],
  "allowCustomAnswer": true
}
]
  ],
  "Layer4": [
    {
      "id": "L4-Confusion-1",
      "group": "Confusion",
      "question": "What made it hard to feel clear today?",
      "options": [
        "Too many thoughts at once — I couldn’t sort through them",
        "I didn’t feel anything, just a kind of blank space",
        "My thoughts and emotions kept shifting too fast"
      ],
      "allowCustomAnswer": true
    },
    {
      "id": "L4-AnxiousTension-1",
      "group": "Anxious-Tension",
      "question": "What triggered your tension or restlessness today?",
      "options": [
        "An upcoming task or challenge",
        "Too many things at once — I couldn’t catch my breath",
        "Something small set me off more than usual"
      ],
      "allowCustomAnswer": true
    },
    {
      "id": "L4-AnxiousTension-2",
      "group": "Anxious-Tension",
      "question": "Why do you think it affected you the way it did?",
      "options": [
        "I felt like I had to control everything",
        "I was already stretched thin",
        "It touched a deeper worry I carry often"
      ],
      "allowCustomAnswer": true
    },
    {
      "id": "L4-FrustrationAnger-1",
      "group": "Frustration-Anger",
      "question": "What made things feel blocked or irritating today?",
      "options": [
        "People or systems didn’t work the way I needed",
        "I felt interrupted or not respected",
        "Something small kept piling up"
      ],
      "allowCustomAnswer": true
    },
    {
      "id": "L4-FrustrationAnger-2",
      "group": "Frustration-Anger",
      "question": "What made this so hard to tolerate?",
      "options": [
        "I had an expectation for how things should go",
        "It felt unfair or out of my control",
        "I was already carrying too much"
      ],
      "allowCustomAnswer": true
    },
    {
      "id": "L4-OverloadSadness-1",
      "group": "Overload-Sadness",
      "question": "What weighed you down the most today?",
      "options": [
        "Tasks or responsibilities felt endless",
        "I felt emotionally flat or drained",
        "Something quietly pulled me inward"
      ],
      "allowCustomAnswer": true
    },
    {
      "id": "L4-OverloadSadness-2",
      "group": "Overload-Sadness",
      "question": "Why do you think this had such an impact on you?",
      "options": [
        "I didn’t have enough time or space for myself",
        "I’ve been holding too much for too long",
        "There was something I couldn’t quite process"
      ],
      "allowCustomAnswer": true
    },
    {
      "id": "L4-Joy-1",
      "group": "Joy",
      "question": "What gave you a genuine sense of joy today?",
      "options": [
        "Doing something I love or enjoy",
        "Spending time with someone meaningful",
        "A small moment that made me smile"
      ],
      "allowCustomAnswer": true
    },
    {
      "id": "L4-CalmClarityGratitude-1",
      "group": "Calm-Clarity-Gratitude",
      "question": "What helped you feel grounded or at ease today?",
      "options": [
        "A moment of peace or pause",
        "Trusting how things unfolded",
        "Feeling thankful for something simple"
      ],
      "allowCustomAnswer": true
    },
    {
      "id": "L4-Disconnected-1",
      "group": "Disconnected",
      "question": "What made it hard to feel connected today?",
      "options": [
        "I didn’t feel seen or understood",
        "I kept things to myself, even when I needed support",
        "I just moved through the day on autopilot"
      ],
      "allowCustomAnswer": true
    }
  ],
  "Layer5": [
  {
    "id": "L5-Confusion",
    "group": "Confusion",
    "question": "What insight can you take from this confusion?",
    "options": [
      "I didn’t know what I truly felt",
      "I was overwhelmed and couldn't think clearly",
      "I need more space to understand myself"
    ],
    "allowCustomAnswer": true
  },
  {
    "id": "L5-AnxiousTension",
    "group": "AnxiousTension",
    "question": "What insight can you take from your inner tension or anxiety?",
    "options": [
      "I needed more safety or control",
      "Something important was at risk",
      "My body was reacting before I understood why"
    ],
    "allowCustomAnswer": true
  },
  {
    "id": "L5-FrustrationAnger",
    "group": "FrustrationAnger",
    "question": "What insight can you take from your frustration or anger?",
    "options": [
      "I wanted something to go differently",
      "I felt blocked or not respected",
      "I cared deeply about something that didn’t work out"
    ],
    "allowCustomAnswer": true
  },
  {
    "id": "L5-SadnessOverload",
    "group": "SadnessOverload",
    "question": "What insight can you take from your emotional weight?",
    "options": [
      "I needed rest or gentleness",
      "Something meaningful felt missing",
      "I was holding more than I realized"
    ],
    "allowCustomAnswer": true
  },
  {
    "id": "L5-Disconnected",
    "group": "Disconnected",
    "question": "What insight can you take from your sense of disconnection?",
    "options": [
      "I needed more connection or meaning",
      "I felt distant from myself or others",
      "I lost touch with something important to me"
    ],
    "allowCustomAnswer": true
  },
  {
    "id": "L5-CalmClarityGratitude",
    "group": "CalmClarityGratitude",
    "question": "What did your calm or clarity tell you today?",
    "options": [
      "I am aligned with what matters",
      "I found peace in the moment",
      "I could appreciate life as it was"
    ],
    "allowCustomAnswer": true
  },
  {
    "id": "L5-Joy",
    "group": "Joy",
    "question": "What insight can you take from your joy today?",
    "options": [
      "Something lit me up from inside",
      "I followed what brings me energy",
      "Joy reminded me of what I love"
    ],
    "allowCustomAnswer": true
  }
]
}