{
  "L1": [
    {
      "id": "L1-1",
      "type": "swipe",
      "text": "How did you feel when you woke up today?",
      "leftOption": {
        "text": "Energized and positive",
        "tags": ["energy", "positive"],
        "scoreImpact": 2,
        "next": "L1-2"
      },
      "rightOption": {
        "text": "Tired or down",
        "tags": ["tired", "negative"],
        "scoreImpact": -2,
        "next": "L1-2"
      }
    },
    {
      "id": "L1-2",
      "type": "swipe",
      "text": "Did you feel any physical discomfort this morning?",
      "leftOption": {
        "text": "Yes, my body felt tense",
        "tags": ["tension", "body"],
        "scoreImpact": -2,
        "next": "L1-3"
      },
      "rightOption": {
        "text": "No, I felt comfortable",
        "tags": ["comfort", "relaxed"],
        "scoreImpact": 2,
        "next": "L1-3"
      }
    },
    {
      "id": "L1-3",
      "type": "swipe",
      "text": "How was your mood at the start of the day?",
      "leftOption": {
        "text": "Hopeful or content",
        "tags": ["hopeful", "content"],
        "scoreImpact": 2,
        "next": "L1-4"
      },
      "rightOption": {
        "text": "Anxious or sad",
        "tags": ["anxiety", "sadness"],
        "scoreImpact": -2,
        "next": "L1-4"
      }
    },
    {
      "id": "L1-4",
      "type": "swipe",
      "text": "Did you feel connected with people this morning?",
      "leftOption": {
        "text": "Yes, I felt connected",
        "tags": ["connected", "social"],
        "scoreImpact": 2,
        "next": "L1-5"
      },
      "rightOption": {
        "text": "No, I felt isolated",
        "tags": ["isolated", "lonely"],
        "scoreImpact": -2,
        "next": "L1-5"
      }
    },
    {
      "id": "L1-5",
      "type": "swipe",
      "text": "How would you rate your motivation for today?",
      "leftOption": {
        "text": "High",
        "tags": ["motivation", "high"],
        "scoreImpact": 2,
        "next": "L1-6"
      },
      "rightOption": {
        "text": "Low",
        "tags": ["motivation", "low"],
        "scoreImpact": -2,
        "next": "L1-6"
      }
    },
    {
      "id": "L1-6",
      "type": "swipe",
      "text": "Were you bothered by any negative thoughts this morning?",
      "leftOption": {
        "text": "Yes, it was distracting",
        "tags": ["negative", "thoughts"],
        "scoreImpact": -2,
        "next": "L1-7"
      },
      "rightOption": {
        "text": "No, I was clear-minded",
        "tags": ["clear", "positive"],
        "scoreImpact": 2,
        "next": "L1-7"
      }
    },
    {
      "id": "L1-7",
      "type": "swipe",
      "text": "Did you experience any excitement or anticipation for today?",
      "leftOption": {
        "text": "Yes, I was looking forward to something",
        "tags": ["excited", "anticipation"],
        "scoreImpact": 2,
        "next": null
      },
      "rightOption": {
        "text": "No, nothing in particular",
        "tags": ["neutral"],
        "scoreImpact": 0,
        "next": null
      }
    }
  ],
  "L2": [
    {
      "id": "L2-1",
      "type": "choice",
      "showIf": { "L1-1": ["Tired or down"] },
      "text": "What do you think made you feel tired this morning?",
      "options": [
        { "text": "Lack of sleep", "tags": ["sleep"], "scoreImpact": -1 },
        { "text": "Stress or worries", "tags": ["stress"], "scoreImpact": -1 },
        { "text": "Physical illness", "tags": ["illness"], "scoreImpact": -2 },
        { "text": "Just a random day", "tags": ["random"], "scoreImpact": 0 }
      ],
      "allowCustom": true
    },
    {
      "id": "L2-2",
      "type": "choice",
      "showIf": { "L1-2": ["Yes, my body felt tense"] },
      "text": "Where did you feel the most tension?",
      "options": [
        { "text": "Head/Neck", "tags": ["head", "tension"], "scoreImpact": -1 },
        { "text": "Shoulders/Back", "tags": ["back", "tension"], "scoreImpact": -1 },
        { "text": "Stomach", "tags": ["stomach", "tension"], "scoreImpact": -1 },
        { "text": "Everywhere", "tags": ["fullbody", "tension"], "scoreImpact": -2 }
      ],
      "allowCustom": true
    },
    {
      "id": "L2-3",
      "type": "input",
      "showIf": { "L1-3": ["Anxious or sad"] },
      "text": "If you felt anxious or sad, what was the main reason?",
      "placeholder": "Write a few words...",
      "scoreImpact": 0
    },
    {
      "id": "L2-4",
      "type": "choice",
      "showIf": { "L1-4": ["No, I felt isolated"] },
      "text": "What made you feel isolated this morning?",
      "options": [
        { "text": "No one to talk to", "tags": ["isolation", "lonely"], "scoreImpact": -1 },
        { "text": "Disagreement with close ones", "tags": ["conflict"], "scoreImpact": -1 },
        { "text": "Felt disconnected", "tags": ["disconnected"], "scoreImpact": -1 },
        { "text": "Other", "tags": ["other"], "scoreImpact": 0 }
      ],
      "allowCustom": true
    },
    {
      "id": "L2-5",
      "type": "choice",
      "showIf": { "L1-5": ["Low"] },
      "text": "What do you think affected your motivation?",
      "options": [
        { "text": "Burnout", "tags": ["burnout"], "scoreImpact": -2 },
        { "text": "Lack of clear goals", "tags": ["goal"], "scoreImpact": -1 },
        { "text": "Monotony", "tags": ["routine"], "scoreImpact": -1 },
        { "text": "Other", "tags": ["other"], "scoreImpact": 0 }
      ],
      "allowCustom": true
    },
    {
      "id": "L2-6",
      "type": "input",
      "showIf": { "L1-6": ["Yes, it was distracting"] },
      "text": "What kind of negative thoughts bothered you the most?",
      "placeholder": "Write a few words...",
      "scoreImpact": 0
    },
    {
      "id": "L2-7",
      "type": "choice",
      "showIf": { "L1-7": ["No, nothing in particular"] },
      "text": "Is there anything you wish you were looking forward to?",
      "options": [
        { "text": "A day off", "tags": ["rest"], "scoreImpact": 1 },
        { "text": "A new project", "tags": ["project"], "scoreImpact": 1 },
        { "text": "Meeting friends", "tags": ["social"], "scoreImpact": 1 },
        { "text": "Nothing comes to mind", "tags": ["apathy"], "scoreImpact": 0 }
      ],
      "allowCustom": true
    }
  ],
  "L3": [
    {
      "id": "L3-1",
      "type": "input",
      "showIf": { "L2-1": ["Lack of sleep"] },
      "text": "What was the main reason you didn't sleep well?",
      "placeholder": "Describe briefly...",
      "scoreImpact": 0
    },
    {
      "id": "L3-2",
      "type": "input",
      "showIf": { "L2-1": ["Stress or worries"] },
      "text": "What kind of stress or worries affected you most?",
      "placeholder": "Write in a few words...",
      "scoreImpact": 0
    },
    {
      "id": "L3-3",
      "type": "choice",
      "showIf": { "L2-1": ["Physical illness"] },
      "text": "How long have you felt unwell?",
      "options": [
        { "text": "Just today", "tags": ["acute"], "scoreImpact": 0 },
        { "text": "A few days", "tags": ["short-term"], "scoreImpact": -1 },
        { "text": "More than a week", "tags": ["mid-term"], "scoreImpact": -2 },
        { "text": "Chronic", "tags": ["chronic"], "scoreImpact": -2 }
      ]
    },
    {
      "id": "L3-4",
      "type": "input",
      "showIf": { "L2-2": ["Everywhere"] },
      "text": "Was this tension new or have you felt it before?",
      "placeholder": "Describe briefly...",
      "scoreImpact": 0
    },
    {
      "id": "L3-5",
      "type": "input",
      "showIf": { "L2-3": ["Any"] },
      "text": "How did you try to cope with anxiety or sadness?",
      "placeholder": "Share your way of coping...",
      "scoreImpact": 0
    },
    {
      "id": "L3-6",
      "type": "input",
      "showIf": { "L2-4": ["No one to talk to", "Disagreement with close ones", "Felt disconnected"] },
      "text": "Would you like to connect with someone or talk about it?",
      "placeholder": "Write your thoughts...",
      "scoreImpact": 0
    },
    {
      "id": "L3-7",
      "type": "input",
      "showIf": { "L2-5": ["Burnout", "Monotony"] },
      "text": "What could help you feel more energized or motivated?",
      "placeholder": "Your ideas...",
      "scoreImpact": 0  
    },
    {
      "id": "L3-8",
      "type": "input",
      "showIf": { "L2-6": ["Any"] },
      "text": "What could help you manage negative thoughts next time?",
      "placeholder": "Write your strategies...",
      "scoreImpact": 0
    },
    {
      "id": "L3-9",
      "type": "input",
      "showIf": { "L2-7": ["Apathy", "Nothing comes to mind"] },
      "text": "Is there something small you could look forward to tomorrow?",
      "placeholder": "Even a small thing counts!",
      "scoreImpact": 0
    }
  ],
  "L4": [
    {
      "id": "L4-1",
      "type": "input",
      "showIfTags": ["burnout", "monotony", "tired", "negative", "anxiety", "sadness", "illness", "conflict", "isolation"],
      "text": "What is one small thing you could do for yourself to feel even a bit better tomorrow?",
      "placeholder": "Think of a simple step or an act of self-care…",
      "scoreImpact": 0
    },
    {
      "id": "L4-2",
      "type": "input",
      "showIfTags": ["stress", "worries", "negative", "thoughts"],
      "text": "Who or what could support you right now? (Person, activity, habit, anything)",
      "placeholder": "List anything that could help…",
      "scoreImpact": 0
    },
    {
      "id": "L4-3",
      "type": "choice",
      "showIfTags": ["burnout", "illness", "chronic"],
      "text": "Would you like to set a gentle goal for tomorrow?",
      "options": [
        { "text": "Yes, I have an idea", "tags": ["plan"], "scoreImpact": 1 },
        { "text": "Not ready yet", "tags": ["no-plan"], "scoreImpact": 0 },
        { "text": "I need support", "tags": ["need-help"], "scoreImpact": 0 }
      ]
    },
    {
      "id": "L4-4",
      "type": "input",
      "showIfTags": ["conflict", "disagreement", "isolation", "lonely"],
      "text": "Is there someone you’d like to reach out to, or reconnect with?",
      "placeholder": "Who could it be?",
      "scoreImpact": 0
    },
    {
      "id": "L4-5",
      "type": "input",
      "showIfTags": ["apathy", "nothing", "hopeless", "chronic"],
      "text": "What is one tiny thing that could bring you a bit of joy or meaning tomorrow?",
      "placeholder": "Anything, even very small…",
      "scoreImpact": 0
    }
  ],
  "L5": [
    {
      "id": "L5-1",
      "type": "info",
      "showIfTags": ["hopeless", "crisis", "help", "panic", "loss", "no-control", "despair"],
      "text": "It seems like you're having a very tough time right now. Remember, you're not alone, and help is available. Would you like to see resources for support or talk to someone you trust?",
      "actions": [
        { "type": "link", "label": "See support resources", "url": "https://www.befrienders.org/" },
        { "type": "link", "label": "Contact a helpline", "url": "tel:123456789" },
        { "type": "input", "label": "Write down your feelings or thoughts..." }
      ]
    },
    {
      "id": "L5-2",
      "type": "input",
      "showIfTags": ["hopeless", "crisis", "panic", "no-control", "despair"],
      "text": "What is one thing—no matter how small—that could help you right now? Even something that worked in the past?",
      "placeholder": "Share anything that comes to mind…"
    },
    {
      "id": "L5-3",
      "type": "ai-support",
      "showIfTags": ["hopeless", "crisis", "panic", "no-control", "despair", "loss"],
      "text": "Would you like a gentle reflection or advice from our AI assistant? (Your answers remain private.)",
      "actions": [
        { "type": "button", "label": "Yes, I want an AI insight" },
        { "type": "button", "label": "No, just finish for today" }
      ]
    },
    {
      "id": "L5-4",
      "type": "gratitude",
      "showIfTags": ["hopeless", "crisis", "no-control", "loss"],
      "text": "Sometimes even in difficult moments, noticing something small you’re grateful for can help. Is there something or someone you’re grateful for today?",
      "placeholder": "A person, a moment, even a memory…"
    }
  ]
}
