[
  { "key": "anxiety", "name": "Anxiety", "color": ["#6D83F2","#A5B4FC"] },
  { "key": "tension", "name": "Tension", "color": ["#6F6CF1","#B5B3FF"] },
  { "key": "fear", "name": "Fear", "color": ["#5C6BC0","#9FA8DA"] },
  { "key": "anger", "name": "Anger", "color": ["#EF4444","#FCA5A5"] },
  { "key": "frustration", "name": "Frustration", "color": ["#F59E0B","#FCD34D"] },
  { "key": "irritation", "name": "Irritation", "color": ["#FB923C","#FED7AA"] },
  { "key": "sadness", "name": "Sadness", "color": ["#3B82F6","#93C5FD"] },
  { "key": "disappointment", "name": "Disappointment", "color": ["#60A5FA","#BFDBFE"] },
  { "key": "loneliness", "name": "Loneliness", "color": ["#64748B","#CBD5E1"] },
  { "key": "disconnection", "name": "Disconnection", "color": ["#475569","#94A3B8"] },
  { "key": "confusion", "name": "Confusion", "color": ["#22D3EE","#99F6E4"] },
  { "key": "overwhelm", "name": "Overwhelm", "color": ["#10B981","#6EE7B7"] },
  { "key": "tiredness", "name": "Tiredness", "color": ["#94A3B8","#E2E8F0"] },
  { "key": "guilt", "name": "Guilt", "color": ["#C084FC","#E9D5FF"] },
  { "key": "shame", "name": "Shame", "color": ["#EC4899","#FBCFE8"] },
  { "key": "calm", "name": "Calm", "color": ["#34D399","#A7F3D0"] },
  { "key": "clarity", "name": "Clarity", "color": ["#2DD4BF","#99F6E4"] },
  { "key": "gratitude", "name": "Gratitude", "color": ["#22C55E","#86EFAC"] },
  { "key": "joy", "name": "Joy", "color": ["#F59E0B","#FDE68A"] },
  { "key": "contentment", "name": "Contentment", "color": ["#84CC16","#D9F99D"] }
]
