[
  { "key": "joy", "name": "Joy", "color": ["#FBBF24","#FDE68A"] },
  { "key": "calm", "name": "Calm", "color": ["#34D399","#A7F3D0"] },
  { "key": "gratitude", "name": "Gratitude", "color": ["#22C55E","#86EFAC"] },
  { "key": "interest", "name": "Interest / Curiosity", "color": ["#06B6D4","#99F6E4"] },
  { "key": "confidence", "name": "Confidence", "color": ["#2563EB","#93C5FD"] },
  { "key": "connection", "name": "Connection / Affection", "color": ["#7C3AED","#C4B5FD"] },

  { "key": "anxiety", "name": "Anxiety", "color": ["#6366F1","#A5B4FC"] },
  { "key": "fear", "name": "Fear", "color": ["#4338CA","#A5B4FC"] },
  { "key": "anger", "name": "Anger", "color": ["#EF4444","#FCA5A5"] },
  { "key": "frustration", "name": "Frustration", "color": ["#F59E0B","#FCD34D"] },
  { "key": "sadness", "name": "Sadness", "color": ["#3B82F6","#93C5FD"] },
  { "key": "shame", "name": "Shame", "color": ["#EC4899","#FBCFE8"] },
  { "key": "guilt", "name": "Guilt", "color": ["#C084FC","#E9D5FF"] },
  { "key": "disgust", "name": "Disgust", "color": ["#84CC16","#D9F99D"] },
  { "key": "overload", "name": "Overload", "color": ["#10B981","#6EE7B7"] },
  { "key": "fatigue", "name": "Fatigue / Exhaustion", "color": ["#94A3B8","#E2E8F0"] },
  { "key": "tension", "name": "Tension", "color": ["#6F6CF1","#B5B3FF"] },
  { "key": "numbness", "name": "Numbness / Emptiness", "color": ["#475569","#CBD5E1"] },
  { "key": "disconnected", "name": "Disconnected / Detached", "color": ["#64748B","#CBD5E1"] },
  { "key": "confusion", "name": "Confusion", "color": ["#2DD4BF","#99F6E4"] },
  { "key": "clarity", "name": "Clarity", "color": ["#14B8A6","#99F6E4"] },
  { "key": "mixed", "name": "Mixed / Unclear", "color": ["#A1A1AA","#E4E4E7"] }
]
