{
  "mind_calm": "calm",
  "mind_racing": "anxiety",
  "rumination": "confusion",

  "body_heavy": "tiredness",
  "body_tension": "tension",
  "body_light": "calm",

  "in_control": "clarity",
  "control_high": "clarity",

  "safe": "calm",
  "threat": "fear",
  "vigilant": "anxiety",

  "mood_negative": "sadness",
  "mood_positive": "joy",

  "work_too_much": "overwhelm",
  "work_overload": "overwhelm",
  "pressure": "overwhelm",
  "work_high": "overwhelm",

  "conflict": "anger",
  "criticism": "shame",
  "ignored": "loneliness",

  "uncertainty_low": "clarity",
  "uncertainty_mid": "confusion",
  "uncertainty_high": "anxiety",

  "support": "gratitude",

  "guilt": "guilt",
  "shame": "shame"
}
