{
  "mind_calm": "calm",
  "body_heavy": "tiredness",
  "mind_racing": "anxiety",
  "rumination": "confusion",
  "work_too_much": "overwhelm",

  "body_tension": "tension",
  "in_control": "clarity",
  "control_high": "clarity",
  "body_light": "calm",
  "safe": "calm",

  "mood_negative": "sadness",
  "mood_positive": "joy",

  "anxiety?": "anxiety",
  "overwhelm?": "overwhelm",
  "threat?": "fear",
  "fear?": "fear",
  "anger?": "anger",
  "frustration?": "frustration",
  "irritation?": "irritation",
  "sadness?": "sadness",
  "disappointment?": "disappointment",
  "loneliness?": "loneliness",
  "disconnection?": "disconnection",
  "confusion?": "confusion",
  "tiredness?": "tiredness",
  "gratitude?": "gratitude",
  "joy?": "joy",
  "contentment?": "contentment",
  "mind_calm?": "calm",
  "calm?": "calm",
  "confidence?": "clarity",

  "uncertainty_low": "clarity",
  "uncertainty_mid": "confusion",
  "uncertainty_high": "anxiety",

  "Overload": "overwhelm",
  "Overwhelmed": "overwhelm",
  "SadnessOverload": "sadness",
  "FrustrationAnger": "anger",
  "AnxiousTension": "anxiety",
  "CalmClarityGratitude": "clarity",
  "BodyHeavy": "tiredness",
  "MindRacing": "anxiety",
  "Rumination": "frustration",

  "conflict": "anger",
  "criticism": "shame",
  "ignored": "loneliness",
  "pressure": "overwhelm",
  "work_high": "overwhelm",
  "threat": "fear",
  "vigilant": "anxiety",
  "mind_stuck": "confusion",
  "support": "gratitude",
  "support?": "gratitude",

  "guilt": "guilt",
  "shame": "shame"
}
