[
  { "key": "conflict",     "aliases": ["Conflict","conflict?","frustration-anger","FrustrationAnger"], "emits": ["conflict"] },
  { "key": "gratitude",    "aliases": ["gratitude?","thankful","appreciation"],                          "emits": ["gratitude"] },
  { "key": "joy",          "aliases": ["joy?","happy","happiness"],                                      "emits": ["joy"] },
  { "key": "sadness",      "aliases": ["sadness?","sad","blue","SadnessOverload"],                       "emits": ["sadness"] },
  { "key": "loneliness",   "aliases": ["lonely","ignored","isolation"],                                  "emits": ["loneliness"] },
  { "key": "disconnection","aliases": ["disconnection?","dissociation","disconnected"],                  "emits": ["disconnection"] },
  { "key": "guilt",        "aliases": ["guilt?","self_blame"],                                           "emits": ["guilt"] },
  { "key": "shame",        "aliases": ["shame?","embarrassed"],                                          "emits": ["shame"] },
  { "key": "anger",        "aliases": ["anger?","angry"],                                                "emits": ["anger"] },
  { "key": "frustration",  "aliases": ["frustration?","frustrated"],                                     "emits": ["frustration"] },
  { "key": "irritation",   "aliases": ["irritation?","irritated"],                                       "emits": ["irritation"] },
  { "key": "anxiety",      "aliases": ["anxiety?","worried"],                                            "emits": ["anxiety"] },
  { "key": "fear",         "aliases": ["fear?","afraid","threat"],                                       "emits": ["fear"] },
  { "key": "tension",      "aliases": ["tension?","tense","tight"],                                      "emits": ["tension"] },
  { "key": "tiredness",    "aliases": ["tiredness?","fatigue","exhausted","body_heavy"],                 "emits": ["tiredness"] },
  { "key": "calm",         "aliases": ["calm?","relief"],                                                "emits": ["calm"] },
  { "key": "clarity",      "aliases": ["clarity?","clear","focus"],                                      "emits": ["clarity"] },
  { "key": "overwhelm",    "aliases": ["overwhelm?","overloaded","too_much"],                            "emits": ["overwhelm"] },
  { "key": "control_high", "aliases": ["in_control","high_control","confidence?"],                       "emits": ["control_high"] },
  { "key": "control_low",  "aliases": ["low_control","control_shaky"],                                   "emits": ["control_low"] },

  { "key": "mind_calm",    "aliases": ["mindCalm"],                 "emits": ["mind_calm"] },
  { "key": "mind_racing",  "aliases": ["mindRacing","mind_racing?"],"emits": ["mind_racing"] },
  { "key": "social_connected","aliases": ["support","social_seek"], "emits": ["social_connected"] },
  { "key": "social_avoid", "aliases": ["avoid_people","social_avoid?","Avoiding people"], "emits": ["social_avoid"] },
  { "key": "uncertainty_low","aliases": ["clear_decision"],         "emits": ["uncertainty_low"] },
  { "key": "uncertainty_high","aliases": ["some_unknowns","outcome_fear"], "emits": ["uncertainty_high"] },
  { "key": "work_ok",      "aliases": ["manageable"],               "emits": ["work_ok"] },
  { "key": "work_overload","aliases": ["work_too_much","a_lot","Too much"], "emits": ["work_overload"] },
  { "key": "safe",         "aliases": ["safety","secure"],          "emits": ["safe"] },
  { "key": "vigilant",     "aliases": ["on_guard"],                 "emits": ["vigilant"] }
]
