{
  "anxiety":       { "anxiety": 1.0 },
  "tension":       { "tension": 1.0 },
  "fear":          { "fear": 1.0 },
  "anger":         { "anger": 1.0 },
  "frustration":   { "frustration": 1.0 },
  "irritation":    { "irritation": 1.0 },
  "sadness":       { "sadness": 1.0 },
  "disappointment":{ "disappointment": 1.0 },
  "loneliness":    { "loneliness": 1.0 },
  "disconnection": { "disconnection": 1.0 },
  "confusion":     { "confusion": 1.0 },
  "overwhelm":     { "overwhelm": 1.0 },
  "tiredness":     { "tiredness": 1.0 },
  "guilt":         { "guilt": 1.0 },
  "shame":         { "shame": 1.0 },
  "calm":          { "calm": 1.0 },
  "clarity":       { "clarity": 1.0 },
  "gratitude":     { "gratitude": 1.0 },
  "joy":           { "joy": 1.0 },
  "contentment":   { "contentment": 1.0 }
}
