[
  { "date": "2025-10-12", "emotion": "Joy",         "intensity": 3, "accuracy": 4 },
  { "date": "2025-10-13", "emotion": "Calm",        "intensity": 2, "accuracy": 4 },
  { "date": "2025-10-14", "emotion": "Sadness",     "intensity": 6, "accuracy": 3 },
  { "date": "2025-10-15", "emotion": "Anger",       "intensity": 7, "accuracy": 3 },
  { "date": "2025-10-16", "emotion": "Gratitude",   "intensity": 2, "accuracy": 5 },
  { "date": "2025-10-17", "emotion": "Frustration", "intensity": 6, "accuracy": 3 },
  { "date": "2025-10-18", "emotion": "Anxious",     "intensity": 7, "accuracy": 3 },
  { "date": "2025-10-19", "emotion": "Calm",        "intensity": 3, "accuracy": 4 },
  { "date": "2025-10-20", "emotion": "Disconnected","intensity": 6, "accuracy": 3 },
  { "date": "2025-10-21", "emotion": "Clarity",     "intensity": 2, "accuracy": 5 },
  { "date": "2025-10-22", "emotion": "Overload",    "intensity": 7, "accuracy": 3 },
  { "date": "2025-10-23", "emotion": "Gratitude",   "intensity": 3, "accuracy": 4 },
  { "date": "2025-10-24", "emotion": "Frustration", "intensity": 6, "accuracy": 3 },
  { "date": "2025-10-25", "emotion": "Joy",         "intensity": 3, "accuracy": 4 },
  { "date": "2025-10-26", "emotion": "Anxious",     "intensity": 8, "accuracy": 2 },
  { "date": "2025-10-27", "emotion": "Calm",        "intensity": 2, "accuracy": 4 },
  { "date": "2025-10-28", "emotion": "Sadness",     "intensity": 6, "accuracy": 3 },
  { "date": "2025-10-29", "emotion": "Clarity",     "intensity": 3, "accuracy": 4 },
  { "date": "2025-10-30", "emotion": "Anger",       "intensity": 7, "accuracy": 2 },
  { "date": "2025-10-31", "emotion": "Calm",        "intensity": 2, "accuracy": 4 },
  { "date": "2025-11-01", "emotion": "Joy",         "intensity": 3, "accuracy": 5 },
  { "date": "2025-11-02", "emotion": "Sadness",     "intensity": 6, "accuracy": 3 },
  { "date": "2025-11-03", "emotion": "Gratitude",   "intensity": 3, "accuracy": 4 },
  { "date": "2025-11-04", "emotion": "Confusion",   "intensity": 5, "accuracy": 3 },
  { "date": "2025-11-05", "emotion": "Calm",        "intensity": 2, "accuracy": 5 },
  { "date": "2025-11-06", "emotion": "Anxious",     "intensity": 7, "accuracy": 3 },
  { "date": "2025-11-07", "emotion": "Clarity",     "intensity": 3, "accuracy": 4 },
  { "date": "2025-11-08", "emotion": "Sadness",     "intensity": 6, "accuracy": 3 },
  { "date": "2025-11-09", "emotion": "Gratitude",   "intensity": 2, "accuracy": 5 },
  { "date": "2025-11-10", "emotion": "Overload",    "intensity": 7, "accuracy": 2 }
]
